fi5e8b,58
2733vmmpknvgr,23
3o1eei8htt2o,32
t2ofo4rfi5e485,25
2fo4rghs6xptk,26
5fi5ezgfgcxbf3fi5e,55
ei8hthtkk5,85
qjqpnfs812se7ensbjlkzrzczdmsr,87
cpxtth3ee14,34
pljnzhchrrqvkncfnfi5e6fo4r7dzqkfslm9,59
dlrczxpfxp1,11
s6xs6x35,65
t2oxldv5rftbpfi5evqtphhxvgzkhbg,25
zsjtsvjtlrsdsvqgfo4ro1exhnbgpsl8,48
fi5e813,53
53ei8htfo4rlse7en5bvtmzfkqc6,56
51t2o8ei8htse7en,57
frfshfjvlhgsjvmxbplkmsm1se7en,17
lnlgcc9se7en,97
o1e52qcfdljqphq643,13
th3ee78s6xt2o,32
czrpslksggspckxmrk6,66
fi5e94rxvhdhqh3th3ee555,55
2t2onszcpth3eeei8hts6xse7ense7endbllrvdtqv,27
smdn65fo4rei8ht7fi5eei8ht,68
kpdxkc6fo4rei8ht,68
tlmjmg634n9neei8httmdgqbxpd97,67
s6xse7en9jgpnxqhq,69
se7entgb4n9nefi5e29t2o1egnb,71
cn9ne1,91
zhsbs6x7lfcxhvcmd,67
75se7en2crtj,72
t2o7ei8htfi5efi5eo1ejlnrzlnhtvjp,21
fhgnrckhgdcnbmfmjglkgsrxprk38dn,38
th3ees6xs6xfi5e8n9ne,39
fo4rei8ht28fi5e,45
n9ne32fo4rh,94
n9ne27lfxo1e,91
pkrjhx99fo4rhqnp,94
prei8ht2s6xhei8htfo4r,84
12ei8hts6xnkhb3,13
72n9nelgfqnczgd92qlzqhghrstxvgnbgvp,72
ei8ht3brhd4mrnrzlspfi5et2o2,82
jsqsvzpdzdthxcv8th3ee2,82
fmltrcn9nejht2o6t2ovbglrvkr,92
fi5eqtvbrzlqtlnflvtnqpjlrt2o9ei8htfo4rqlstm,54
o1e5684ttctfbcxzq,14
2fo4r5,25
8qsjc45ei8ht1fhglfqdkhqqszsptkqvqpphttq,81
hbjb7mcsx227t2omdei8ht,78
4zbjth3ee4t2ohlk9,49
dcbcdsrrxfxvn9neqs6xo1e7gmspcc4,94
t2oggfo4r4,24
rmz6jl,66
zrvrqqlnqd718s6xjei8ht,78
zlklf8se7enqcdgxpt2,82
o1e8fo4r552677,17
1o1efi5e1zfb7,17
ei8htfo4rxrzldsqgbsrgnlvshv3pprjpf,83
1fo4r1rsvrlzjxczrtfcjj4o1egtfqhv,11
jdhnblrs8th3ee1t2o,82
mdvs1xvse7ens6xs6x,16
89gqxxczgvtzxtkt2oth3ee,83
sglmqx83zzfkei8htse7ensqnh6s6x,86
cei8ht2ot2o7o1eccrjqnth3ee12,82
o1e1t2on9nehm,19
98s6xhrrjld8,98
5o1e3,53
fdlv8jmjtgdfhskkpbmzkpbvfi5evlsbrgfxpq8mzdnzglf7,87
rzqzscdfkvvlkzbsztse7enn9ne9ltqccpfvfo4r,74
fo4r26kkqkkvjp,46
th3eeqjlx98t2ozq,32
34msvlqmzqxmxfo4rztmjptv7r,37
fo4r7n9nefo4rpkpgvqht2o,42
se7enfi5e8ghv8khbqmknpjqpsh,78
lei8ht2o8fnbgrnfjdlth3ees6xt2ot2ose7enlxqgxgnksn,87
n9nefi5exrxrh595hjqvqtcmdn1,91
t2os6x8,28
zsmcxcbvhmdx5th3ee9,59
dqjlmrs4,44
2t2ovltgse7enfo4r2ei8htvkqrq,28
fo4rrbbxkfjjnt5s6xxfrdmkdtnmpz2ei8ht,48
s6x1ei8ht6bfvpcprsxjcffql,66
1hjx2zn8bqkxkxvo1e,11
jfdtpr6ftj4sjzgcfdq865th3ee,63
69gzmpncxbsp,69
t2o4se7enzjtncds,27
4s6xcrgdqxd,46
4mflt2ojzqxvtfxlf3,43
6tgrsm3hzvtvjcz5tfmzmjt,65
2sxnbzgmdsmei8htvdlpvvb3o1e,21
lqth3eecvlddfmx4t2o5,35
shbrqnstvnpjhjbxslgvcfmn33,33
s6x5rb33zlklrnjhrpsgdppsn9ne,69
tmjdfvnpkmlqqzpqkt2oth3eefqcvvmhrzc8se7en,27
n9ne7t2onxvvhgpffx,92
fv2s6xtbtjf9frdbsstsbfo4rnxctpgltlq5,25
fo4rkzxttshmb3dddbjxbnzkei8hts6x6,46
fo4r9se7enrgghls6xxgllzo1egkbfjcjlk,41
5s6xth3eedjchvpqei8htxhkgbjcmmhgszsrt2o6,56
5hgkfhkqvbj,55
xqrxqvbqt2ofi5e99,29
fcjdklhnfqxsvgctqf6pczht,66
n9nes6xei8ht5se7enqxxxlctfo4rfk4,94
n9ne3s6xtfqbrkse7en6n9ne4t2o,92
qxbt2obxgcpncsjpbtbrknq8scj,28
6dbth3ee4,64
se7en2glbvqgzhzb8fo4r9466,76
49o1e5,45
9zfktxzcjdbmqzlfhmzrxdvxfo4r7t2oxsqr,92
77ei8htei8ht1,71
kzqdfqbdzt2ose7en5t2oo1ei8htf,28
t3tzfhgl5,35
se7en35mpcbfo4r1xmthflbs4,74
7th3eeei8ht,78
pglxfhncrpqd9fo4rzfo4rgq9,99
jzplksqfo4r9kpgfvxfi5ev6,46
m5,55
vvfxfcei8htd7tpbnm,87
rk27th3ee4,24
jggnnrbgkgjddmdjflei8ht32t2o,82
6p28cgmfsxhdei8htxzgnkldhbcs6x,66
9hfmhco1es6x,96
3phhbrlfsmqqrtkh15ppfjmssvcmse7enqgjvxth3ee,33
klmkkmpzm8vcpkxplppd551n7mqcjxcbls,87
7dpdxtplq8s6xfi5e,75
5ei8hto1en9ne,59
s6xo1efrmfszllmp3gj1995,65
9o1e3,93
2xnbvklmfi5e3o1et2ose7ens6x7,27
9th3eeth3ee8mcqvmflmp2nrsbzfx,92
xvht2o1e9clh31htpg17,27
7lkrbdzxt,77
5qcq5th3eefo4r,54
tppnmzgcmn9ned6kzxgth3ee3,93
3fo4rqtbz,34
scncfqldei8ht1rjkrlrfcvsbmhqbphzmcvpmgffmo1e,81
slqhhldzjfdjzei8htlskpbpcd5,85
fo4rrldctfs4hj,44
4znkpxfkcg5,45
554,54
3ei8ht4fi5e1thnqt2ot2opmtgk,32
s6x4o1e13s6xfi5e,65
4jdjklt2on9ne7th3eeei8ht,48
th3ee8th3ee1,31
9srdbvfndxptmsjpgljnqplpxnmvr,99
ccbxpltrbz3qbltj,33
fo4r69lmjsjx74vxtzghkxnxndhpsmzrz7,47
5qbp637tg9,59
8rjknnchqzs,88
4t2on9nezb9,49
7se7ent2o3l,73
6rsdpppmstqngdgkdcnsqcvmcqbfflxgbsktn9ne,69
n9neo1e7o1e1jggrdkqrsv,91
fo4rrbznn7,47
mcppjgfhth3ee7n9ne,39
fi5e1cls62se7en,57
dvfphntj2th3eelfi5ecjqnbj,25
dc46o1e4ei8ht87,47
76qsmlshcsfh9,79
46n9ne,49
nqxdqpdv9ppgxhzk5o1e,91
1fi5exs6xth3ee,13
s6x3j3se7enbrffbhvzn9ne,69
nzlkthggfi5e1brgn9ne5,55
7fo4rgbcpbnnmgsgt2o,72
s6xs6x7dvmvhzhlxlnse7en,67
24fi5e113nzbpnmkkn9ne7,27
cnt2o1en9nepdnhbttgtz1s6x91fjpkfjhjxr,21
2n9nenvndrdlm9219ei8htfo4r,24
7fi5e2ei8htcxqrjzc7phfvsrsv4fo4r,74
xhmvpcngfi5esszvgffflbcf8dndxdllxs6x3,53
48hgbzho1epftgrmnzqscvfpsj,41
pms6xgr1,61
ei8htktmcpgrhfls6x4ffhtlg9,89
8jfvxmslkl,88
3th3ee2s6x1th3eermckmmzb,33
lgphhh344ei8htkdcsfhjbo1eei8ht,38
xo1ei8ht2,12
4rbzse7enn9ne9cxpzmqcb,49
sk56se7en1,51
cmtxprpss6x1sdqt,61
ei8htjgsvcgfzq829qnttmfgnk,89
68se7ens6xei8hto1emtqg1,61
ei8hthlkth3ee1fo4rn,84
lmth3eeo1e2znspdvbqt8,38
n9ne73,93
n9nefi5e7,97
o1erfi5e1n9nefi5e28zmxnlbbhxq,18
33n9ne1rmnmzfkpbrdzrsksg,31
4jxpfrxclo1e,41
gkmclldsnjl3kfmvpmzfpsnt2ovccpjxvbdh,32
s6xrdxrprsssh45,65
shjxdgt2ose7en792,22
53mkm,53
7psjpssq49,79
prlv5fi5ep2bcqtscqgb1,51
qbrcft2o53o1er2fnvxlpsxz,22
fhxmhkdslfksktsnvht2ohkljsgzhdq8fi5e,25
nmo1es6xse7en5s6x6,16
czhdts6xfi5ezrrdzmmftbtpsnkpfi5e2vzrz4,64
7ei8htqkvst2o1en,71
n9ne7th3eefi5e,95
jshmdl7o1eei8ht2ocj,72
jkfljpsgrqo1en9nefo4r5th3een9nekvd7,17
khdkfpfckjdpcbnhzttsmnqprn9nes6xmsv82,92
s6xth3ees6xfi5e99shjtllx,69
njkmzkntcffi5e8,58
xqxvhdtkmt2ozhdxqmsvbllsxm3,23
zfz1ei8ht,18
dcmmckrfdpjsflvgghzfn9net2obvlfn24,94
h9fi5ebhprlprpjt75s6x,96
fi5emdlzgjd2ljprx,52
o1e1s6xt2oei8htlmjh,18
fi5e59th3ee,53
qhjdm2cjqnfgfi5e659t2o,22
vsgldkt1fi5etglmfi5ejjk2,12
nrvzbcpsrg6fi5efi5eth3eebmvtfkhzt2o7,67
9fi5e8fdrfmstn,98
dntfgks6xfo4rmvmqmzlx3vn,63
n9ne9t2oei8hto1ebz,91
6th3eez,63
cjei8ht2oei8hthml1fi5epjlxrdtg,85
4gglzht2fi5eo1e,41
mllm95,95
dsflzv4dlqth3eersgb1vjv4o1e,41
qb814,84
31jzmclxkkro1eldgqhmgo1e1,31
qgsdnqqtbqt2ozt2omxbvzd3ei8ht,28
52se7en,57
t2oxfbrpfjczfi5ectd7fo4rfi5eth3eese7en,27
mhxt2o1e5fqfqrb989ei8ht3,23
mqmxfhnqh71bhlprj,71
cqcmc52o1e9,59
blvcgqvj45fo4rn9ne7,47
lldkjs43,43
jb6lrtbjqrqtv,66
dmrqx7o1ervmdzzvdbmlx,71
mntnbrtpc3th3ee,33
4fo4r66,46
3gscq979ei8htei8ht,38
mzf62qncbzc27,67
59pgftnpjmdjn9ne16,56
41t2olsfrnhlxth3ee193,43
fo4r5kcthtdq4t2o7t2o1ejbd,41
b3msvvtfmm8vgvlcmhxrrxxzdcvp,38
t2ohlzrjv9xrxgkxjppd1fb,21
slrf7bxxbbdqdhzkfrlxdvsdsrvthjmpghltrv,77
fo4rgcxsvlllrh3,43
jgbgbjlvt78mjhzlvfnszt,78
678973,63
8bfkv,88
73tzgxmvn9o1e4s6xpfzo1e,71
13lcvvqsxth3eeei8ht7o1e,11
s6xn9nefo4rgdvtdbtnmxo1eth3eet2o6,66
mbtdrhth3ee49fi5edjqjkvhhqt,35
vvrqjmzfgqc6qstp1,61
1ei8ht5hjm,15
fi5elqmvllsxdt2oth3ee4vtcrsxftpk9,59
fdkzjlbpbjzhdkpvz2,22
s6xfo4r5fo4r,64
th3eetfi5eth3ee4,34
se7ense7enth3eejxpkcznqv1s6x3fmlh,73
2dntmqzdmth3eedjjqzrpgjd13ei8ht,28
1gmnqhsrd,11
138gzpkdhsnz,18
c5ei8htmfhzdhmzktvgpn5fi5e,55
3t2on9netjpgtkznjg,39
28khjdn,28
fmgpdjjs6x6cfppzrltks6xvgjzgddbrz,66
zhrcpxcttrht7se7enxktt,77
fi5en9ne289,59
s6xei8htgzdgsshzjf37,67
8tfmz2,82
8th3ee3se7enrcmq9t2o,82
8ei8htpxfjvdh4,84
8t2o8znfi5extfzfcs6x6,86
8t2oth3eeo1enrjshv,81
4fo4rhvbhkkdk8fi5e1,41
5t2orhmrlei8hto1ebddccdfi5e5fzgkgtmnx,55
79,79
6jlkj8o1e8snfgmqjm6,66
ei8htv6o1ei8htcd,88
fo4rff7fi5ehvrtnbjxgx3ldmvbvpdvg9,49
fi5eth3ee33se7en8o1esmmkhkv,51
dhbfqs6xhcse7en82s6xei8ht,68
pkmp8jscpmmscpz9s6x9qbjtdrpxhei8htnxssn,88
757j873,73
7fo4rfo4r,74
5lpmqgh,55
5se7envgzsjxtxn9neth3ee,53
ei8ht8scpxgkkqh8,88
2th3ee641djgxmrcgjbkbhjhkjzo1e,21
8zmgtsxptnfb8zsgf8hfc2qbxhl,82
3mlpjfggg58qzfi5egdjd,35
rmhnkdzzvts6xfi5e988z,68
pcmmscdhdth3eedxbx1vdvnfgz,31
t2oei8htldjzkmcsdxfq2xtxhmjz1,21
1mdxbkhtq1,11
gkndvro1e2,12
vn778jtzkn9ne,79
5chzmq,55
gqlnfnjshhbdglo1e6t2o,12
s6xei8ht2ei8ht1,61
n9nefo4rxzxtbjk4vhpbkk8ei8htdddkftrpct2o,92
gdzqhdnm85249,89
94qqmhtkznqk,94
bqkmflvrfqqxtnbnhjqtmdqqq8,88
mb7fi5evnhs6xfd6fi5e,75
8tdftqnmxrkskqbrvfqpvkzn9ne5,85
n9nelvvlvzmtkrqv1o1en,91
bvtdbfftvckrfq8rbnbpei8ht,88
xlth3eet2ocgtfhqdkghvhb3,33
6kxpgh,66
1jtz18fi5e,15
9dnnmmlzzdnzjvs6xsmqkcmrsh71nlhkxbhcb,91
n9nemjpfmbxzsfzrvxjei8ht7pc6,96
gffqklr29s6xei8htkqqvxhfi5ebm,25
lmqqth3eeo1e38fi5e,35
ei8hto1en9ne8t2o,82
t2on9neei8htse7ent2oei8ht451,21
hjxvpfqqcbcqxhfffrsx49zvjfi5e,45
ei8htqgknnrxhth3een9neei8htse7enhpcrg2,82
5cqncjbtbr,55
q9th3ee6lpvvd,96
77lpsmgnbrchx52n9ne7rvcccdzgn,77
lvei8ht2otclgpkdmqd3fppxzfsfllftfpsrgz36cnnlcvqfdjx,86
ei8ht79ei8htn9nefcmqqsnhzg,89
ffnpmkfvsl5jth3eeth3ee9th3ee,53
3tqvn56fo4r97kfcn9ne,39
1xqo1ethjrqhjfo4r1hjmxjsgqs46,16
o1ehgpdhvth3ee7lkjthbzncjei8ht6ftps,16
2o1e2,22
t2o31se7en41fo4rfi5e,25
7sqklmxvrn9873,73
9tjsfgp5,95
49sqsphzttrqsfbzcfqfcppr,49
sbvzgse7ens6xhxfo4rxlqnr677,77
t2o3cmflfbjzzfo4rse7en3,23
fi5ese7enfi5ese7enmjgnmcxqz6zxfkbrzr,56
qfqcxpcbc21slllgbqnd2,22
ei8ht8hhffbdpbse7ent2onlqqczpxkbxmg,82
79fi5eth3eeei8hto1es6xei8ht,78
3s6x4pghksgpf,34
1fo4r3nvmpdzrzv38,18
n9ne7nnrei8htghpmznjpgb4se7enqnjb7,97
xsgo1ei8ht6jmrxxbzse7enkkdkcbzq,17
n9nehblfhqpjkei8htkhrvnznbth3ee6th3ee,93
ctzlzfo4rflxfpftpbt2o48,48
qxtmjtx8fdft2oei8hthd,88
s6xqrjqhlxkth3eeghxvftpg9fi5ebzgfnjbqksvl,65
vtgvo1ebxprnzxdjffnb4n9neo1e2,12
68gxjdei8ht7fo4r,64
zbcvxfi5e7se7en6,56
ei8ht9v,89
kqjzdszpbvkbhmbxjsvfcdvzvj4fi5e,45
7vkpbmnpsvgxqtjqcmrcdf7th3ee,73
9th3eefo4r9qkkhcvqlt2o,92
th3eetlnjfz9v9se7en9n9ne,39
91vndvtbrrgtqmjx,91
2rnmmcl,22
9clcggdt2ojgjxjzshfo4rt2ose7en,97
o1eth3eecxglsmjhn9necs3fo4rrjjnt,14
xptmdvth3eefo4rfi5e1,31
xqqsrlg2,22
gpglf7dlrvv4se7en2,72
6zbhjvh7n9neei8htse7en8njm,68
s6xpdmpn9nefo4rs6xhsrcrfrkb7zdkdjksps,67
fi5e3cfo4rskbvkjfo4rjvzqrtftth3eemlpfrtks,53
th3eekplmfj4xxvpndpgprnjqqj613rntrftxkn,33
tcpms6x6,66
25rcqknbkm5nkqsvbcdthkqrrg563,23
73cjrfth3ee1fo4rqkhbdhljnshzxq7,77
o1ejzk2t4n9neqstdnhlqvmrrc,19
vx4blo1ekjlmtx3,43
fi5e6213o1eblzszq7,57
se7en7hztfndvtnro1eqh,71
fo4r4hpvlcjk3mskxtlxpmgcxl92,42
fi5e46,56
8mlkrfi5e,85
o1evpgxlo1e23klbndxgjflrf,13
44qks6x7397,47
n9negzkthtxsvspqjh2,92
zmfhp7bltlps6x,76
ei8htse7en9vrqkffi5efi5e5,85
qqtz586zzldcpvnsfo4rjjhb14,54
se7enfo4rpsjvxmlklm27ntprvd,77
1o1e941zrrjrrjd,11
sg65,65
24mn9nexjvjso1e,21
56cdt2on9negpgvvnbnn,59
29o1eblxcjdpnf87ppmkkm,27
9s6x8skvxj1zcffdbxtmb5th3ee,93
335cdshffffn9nen9ne8,38
th3ee8fi5e14t2oc,32
se7enei8ht8,78
bmlt2o1e8qtsnrqsrt2ovbzkdd,22
s6xs6xtszddt5ntlzkdxo1ertrcqbs6x,66
o1emt59,19
n9nedlpqjfbfo4rms3qdsnztclcssvfkqdpzg,93
kpvplnbcx8,88
fi5en9ne4th3eesbrdxsvse7en91qzkcmv,51
6ckho1e5fo4rzlkcmgj,64
se7encvpmmsmtrlxkbng7se7en,77
s6xdx23gmlzgvgd,63
2mjhtzspr4th3ee,23
jqbhfdszs8zpnt2cqxgmpvtpj6n9ne,89
fo4rgpcblx8,48
zlmmjqzkdqt2omzvjcffzl66tjsjsjlnx,26
grzfqr61nrkrndzgjzdq,61
dnxse7enmkfo4r8fbftt2o,72
pqlkzztfnr8fi5es6x,86
7fi5e4se7en9,79
c61,61
fo4r3pmhbpn9neth3eexttrglk32n9ne,49
1lnth3ee3lngqhxcthbvgfi5eqnsfn,15
fi5e3o1es6xs6x,56
11llfzpmth3ee,13
se7en64,74
2qmhjqlkj1tmjqtgsf,21
bvkcgjcqbfnjrgs6x5,65
gjvjrdrz6jmqmzcrl715,65
72se7en,77
14n9ne,19
fo4rmpdbjqnnhjpskvsncsffpkro1efi5eei8ht1b,41
ei8htfi5eo1ese7enn9ne6se7enqgsdjjcpf,87
se7enfo4r828,78
n2n9ne58,28
zsrkcmfi5en9ne51gxjqhlrlffs6x8se7en,57
3t2o2,32
5s6xt2o2,52
fjjkzlmzggtjs6x86gblbjttfz5flsgj7,67
n9nelkcddvxlkg7xrtbdzfse7enei8hto1e,91
53ei8htg,58
7se7enlgzxdfcho1e1,71
1xnlpfjxvei8ht2o1e,11
se7enfslkzl56,76
83ei8htfo4r7,87
35se7ense7enqsse7en1,31
6ei8httcgnbfo4ro1e6fi5epbjn,65
1pqf4937fo4r,14
s6x5tvdmcvrdqth3ee8kdnrzchlncrrqdqfi5e1,61
qvszbjb4,44
ei8htfi5ehxrhxt2ovfxqhgsmrn9neei8ht2o1e,81
8se7enblvfbtnkzpei8htt2oei8hto1e,81
se7enei8ht6th3ee,73
ntdvljbnse7ens6x8rqlv,78
o1e6fi5e9hljzglmxtmrtxei8htn9ne2,12
kzbdsmblmxklrdzr8tsqtm,88
fi5et2onrtn9neqpljs6x9,59
s6xjjlfmqrsn9nese7en9trm9qnqkznmj,69
6se7eno1egk,61
fpmvll8qvgqknvksv1fi5e,85
18ei8htn9nebbkhcbpddqo1e,11
o1e3t2o2lcbcvhfi5e72,12
se7enpfm45cdhknmsllndvlfi5eb,75
ei8ht5fi5e1bzlpmqvrsmnzthxc6,86
n9nekcvdptqxfd29se7en73t2o,92
fo4r3ffhkk,43
51fi5e,55
8se7enei8ht3mjjjjlsjcnbrrk8,88
1nhlxvsbs6x6th3eeei8ht6o1ei8htzx,18
gtggvtjfo4r275t2o3hjcxzxbxcph,43
6fo4r9f948fjspcvks,68
1czxqfj35sl,15
31fo4r2ei8ht,38
7ftjq36o1e2,72
ei8ht2cfqvqprqmp838hsgmxxv1,81
fo4rt2ogt2oo1e417krzgmck,47
th3ee9fxhpgkpst2ose7eno1ed,31
tlmfhdzxnd862,82
t2ofi5ese7enlrnqcqfkn1ei8ht9bxznkm,29
o1e74hlfj,14
549fo4r,54
o1e37222t2o,12
bdmhxnsfo4rppse7en6o1e,41
n9ne34lgmjttkr5915rflhphdx,95
stzbmlshxl5rmxtckrbnsnmln9ne9th3ee6,56
9tmbfknqj9th3ee9,99
ei8ht1fldgfvcxnltp49t2o,82
hgxvcgrdxl7zsfjn6fhfnjb1fcqkzjs,71
fo4rfi5e226n9ne1,41
rvp2s6x4t2o,22
zznt2o1e5th3ee,23
86o1eei8ht8th3ee,83
th3ee7fo4rei8ht4th3ee1t2o,32
1fi5es6x6ei8ht,18
n9nefo4rsn6th3ee,93
qmtpvccpps6x4t2o9fi5ese7en2jjpjhlcqjb,62
9fo4r6ei8ht,98
gvljsfpgqf36cqkdrxxngldqzhjmth3ee,33
s6xs6xs6x9rslkbnxo1e,61
vznttvmkp1ei8htkbfk4hzlxl5vpjtch,15
6hc2,62
1th3eet2ofrvpdnxrsjmg1n9ne,19
tpkmbdh38n9neei8ht,38
fo4r289,49
8418se7enth3eet2o1ehqc,81
jdvkncsfg1qsdshccmsdsbjhnc,11
lgse7en1s6xgtzlcpm,76
se7en23ei8ht3,73
se7enpmrvkpvhhghp4fi5ejcbxzkbr,75
zfgrcmm29vtrgfi5e,25
kcrlqtjhfb2,22
pmro1e1xrvhn9nemhjtnzm,19
mmkfjskbjg216rn,26
hjgpm2,22
tpnrzkse7en9jjqq,79
o1es6xnlkllkftgcdhltschkxkfo4r87vp,17
8gqkngcpvtfjmcpzfo4r,84
11se7en9zzxnxbcxfc73pzjrm,13
3119t2o,32
jzglpbnho1eth3eerq7,17
321ei8htddjvxpdsllfvse7en4,34
lxgcfi5esvrzrjhdrbd8pqgdqpsbg7,57
xxrnsgch7n9ne,79
9ei8htjpdqjghnl8kdfhdvei8htbmfff9,99
t2o6s6xxvgcpxgljxkg,26
nzt2o9ei8ht,28
fo4r1ts,41
9se7enbmnvrvcc3n9nefi5e,95
rnh1s6xrlnmmh68,18
2o1etrpo1efo4r924,24
17xfcstkfxcxnlvvp5fltzqcksk,15
jlvfgxns6x5,65
fi5e4th3eebcnthgxvt9tkmfbqqs,59
ei8htse7eno1e8ei8htgtlql4ei8htt2o,82
4tzzkse7ense7en9f2ei8ht2,42
7nlbrzdpdp3xhtcfo4rse7en7ldftbnk,77
ztjkcqvvsei8ht5fi5esxhbscxkmn,85
fzsmlqgntgmgsc7hrtvxfi5efi5e,75
4th3een9nen9ne,49
7jcmmqbtcr72,72
bcnzcgrk12se7en,17
jndhc29ei8htn9ne87dljpd1,21
rtppcrns6x3232fo4r,64
dh2se7enhtsplzkf,27
o1e4fi5e,15
47ldxfkcnqb,47
kdfdbcr2t2o3n9ne,29
5o1evczsxpts7n9neth6sdsmzjfc,56
ggzzzvjntb38glztdkkk,38
ei8htflzftkvh22nrjmpznldhsxhqgkdq96,86
rth3eefo4rn9ne2xnndn,32
8fi5edvgqgxsei8ht456vgnfnvpjgq,86
ei8htgxkdqqh3fo4r,84
t2o7jsd966,26
se7en5fi5eei8hto1emttgx9ei8htn9ne,79
se7endgkzmxct2o1th3eetmgmgnld,73
rggjkbrjg33t2ose7enrbxxjn9ne7,37
o1es6xbxnpmhlth3ee4rcpbqkhq5qvtq,15
33q,33
s6xdbcxqztczo1eskj9mclf89,69
zzso1ei8htfbxknpdjft926fo4rsrvdk,14
pn379xlgsccrprqbnfxtfo4r2,32
4n9ne15pjvjg5fo4r,44
3o1eth3ee,33
4ei8ht7dvkxmndk6,46
8kvtktvd7fi5e3skvhckqbnh,83
x3o1et2ofrbqtgr9bgkkpqvjs,39
n9nefi5efo4r93crn3fo4r,94
zsglkfdp8s6x5n9neqsrfzqg,89
nkrkqxgfo4rse7en73,43
5ei8htcllxmbbpjxl,58
fo4r88gvbggjvei8ht,48
zgjh6cznbfcsmvmzrcprdn9ne,69
t2o48n9neth3eekdtdqlth3eedbmjxbpx,23
fi5egnsrlgptrxkqqgdp7th3eeei8hts6xqtfqhgmgfc,56
536ffn9nen9necmfbbfmxgfi5efo4r,54
7s6xqndfhctgckxdr321ei8htth3ee,73
mpjftntcff7ei8ht,78
t2osmtcz7kktnknvdlfjqr,27
fo4r8bpczqzzd4zczse7en1,41
xbkvkbqgzmhgsrsqbpkccpth3een9net2oth3ee57,37
ei8htjqjs6xt2o4,84
nslltg5fo4r9se7en8se7en,57
96s6x,96
jkmxmqxgpxc2s2sl,22
17se7enztsgjd92khrbcg7,17
2d9cv,29
th3ee1o1e7o1eht,31
1se7enkrj482,12
3jvbfffi5efi5e,35
pkghg878,88
jvqlffztrn3n9ne2n9ne,39
se7enpgxdmspvpt2o8se7en,77
fi5eo1e58bzprvkvjt,58
vhlhbzvtd1mln9nen9neth3eegmvkpb,13
brrmhfvo1e4o1eei8hts6x,16
57hmbpznzlfo4rfo4ro1esdzsgnn9ne,59
tth9gno1esgbbjppfqse7enmgcbxcm4se7en,97
t2ofi5e5ei8httfgxgfptbtmgkngczkfsn,28
drzmrp4qjzjvhvn,44
fi5e23nfsvnse7en4,54
ei8ht2vhcbxpbgrgb6nhpcdrsfi5e,85
5lg5483,53
fo4rs6x4fi5efi5e,45
6l6,66
2rhmbmlxc67fo4r9,29
kkj1th3eelllbckpmkxflpco1e27,17
rrvo1ei8ht7fjqfj7ztqfpqpbxhmmth3eefvg,13
se7en26se7enndhx3,73
8zse7enfi5eei8htkcsmvjfpkhmddqgqcfi5emjgfnpznv,85
th3eepscjlrdgjkhr1n9ne,39
s6x3ei8htth3ee,63
1fo4rt2oth3eepdzdfxhkpx2fi5es6xth3ee,13
n9negtzn9net2os6x74,94
975xglcgpjtgxth3eexzjxgqcrbg,93
thbl93o1e,91
mzkjcgbcmj3se7enjqnhjczrs6x,36
se7en9hqxm4n9ne1rzd,71
hfnei8ht2o3se7en33,83
7o1efc38gdrddlzlrghfo4r,74
bf5tqth3eezjkclz3qzrgdgs5,55
ei8ht9fi5expnnfktrbcfo4ro1e,81
th3ee7t2ofi5e34247,37
tbnsfo4r9jqrvsrn9ne,49
44n9nekmbssnrts9ggm,49
vlbbrncgdtgf6,66
9fi5ejfjxtvrtkhmfo4rfhkptbdmtcl,94
9ei8htt2omzdzjkpo1en9ne7t2o,92
hrsvprt2osdlsztsr3vtrhgzz1,21
3s6x1,31
9rnjtvnxlzbpctl,99
6xnss9qbrdcjqks,69
bhgvfcbnse7envd3bdjqpkblse7en8,78
fo4rd8t2o,42
fo4r95ppzbzfnkgd,45
8n9ne6fo4r3rscrxpgn9ne7,87
xhkdgkqs6xmppgbffb9ps6x8ei8ht,68
se7en8xxzbhkdtds6x8s6xn9ne,79
n9nen9neei8ht6se7ens6xs6xkj,96
7fkth3ee459ei8htnxbqjm4,74
djjfxqzbqvz4s6xo1ese7enfi5eqnbntzmgth3ee,43
pnmkclnqfbnmmn9nennngqplxth3ee1n9neei8ht2orr,92
zrlxlcdgd7,77
ei8htrhzbgndlnbnrgpzvmdrfgnmhei8ht88hgm,88
pr49fi5eqrs6x,46
lvvdho1e638tbpmgflbf,18
fi5e5htqpl,55
fgxzn9ne1o1e1s6xei8htpzs5,95
9t2oo1e7cpsr,97
32o1e1fi5e8qznp9th3ee,33
16hbncsgvvxvj4,14
t2oei8htfo4r6se7enqxjhlhjzs6x,26
33n9nezfrgnll8,38
xrsxqzlr8,88
7n9ne6o1et2o4bbkvdmffi5e,75
se7ens6x54,74
nztv7xhhfhdtzf8,78
th3ee8ei8ht4fi5efo4rfo4rfi5ecxzkqf,35
fi5e2k29o1ei8htkbp,58
plkkdrnvkxrnzfxkxcfo4rngqpgqtts476,46
95ei8htjcgrxhflx81qqjdsnbngpfjfmcgl,91
6rrflzsvgbtzkncc,66
fo4r5se7enei8ht8pn,48
fi5e9kzntpg34lslcvj,54
xhmvbs6x5,65
8se7enrssqkkszkhxfdgtdzkhsfht4fo4r2,82
87324ei8ht63ei8ht,88
791zdnnrprjzmkzzgt2ozmtmbdlq,72
qdhfdnj6gdgtcqc,66
6vkxjnj,66
se7enei8htchz9,79
3ttllxzjfmsrcxvfrdfs6xth3ee2vnffqjdf7ei8ht,38
vgrqns22ei8ht5,25
24131,21
dts6x75n9nefo4rfo4r,64
sqcns6xsfp6se7en,67
977pmgmcdlzpzr34t2oth3ee,93
spxbhvssspcvvvxtgdqh3n9ne,39
ei8ht22fi5e6fo4r1,81
ft2o1eqqj6,26
56fo4r1t2ot2oxcssfzbnrjtlv,52
se7en8s6xse7en3kmzpgftdztgkfk,73
s6xs6x79,69
vkbk9o1e3ei8htse7en3th3ee9,99
fi5e33t2ofpllgvxjkmdkmgn9ne7,57
xtpfgr8hgkhxkcngth3ee,83
ei8htxcse7en79fo4r,84
16ntzfvszt1,11
fo4r33phcsqjndcjmcei8htrr8,48
3t2ot2o,32
nfcmccvdrrnt9msgrxkfmxgtj7,97
mbth3ee9n9ne,39
63o1e1n9ne,69
fi5ekkhkt24nn7n9neth3ee,53
zrqpkk8,88
gvei8ht2o1,81
se7enhlkzxhfzfxstmqkm31xq,71
se7en4fi5eei8ht,78
rr9fo4r1,91
682,62
bbmz5zblhfbrkgld35fqtp,55
h9s6x24jkpvxei8htn9ne,99
s6x17fpjzf,67
srdkqbtxkse7enblrzrstchbp1vrvjs6x9,79
s6xgvgjei8htth3ee4,64
cxdxqngndfmvmcpglsqfnjc6n9nefo4rztlspndnfei8ht9,69
gzjkvcbxl3se7en23fi5e51,31
rlggvrbjbrt2o1snjgxqhvcgbo1elrbcx,21
lkhmqnhvkncdg57fo4rth3ee,53
987jqjskjjxlptcvgbf,97
o1egrlkhqhsps6xnfsrvzmd6t2o,12
76fi5e86n9nen9ne,79
n9nezzntx4se7en983,93
4pjgq,44
fo4r5mmdhtnnjr3,43
35flnjxqqtgt2o2,32
pbsjtdnei8htrfjqjbjgpqfo4rxlzkcsrtfqnfnrvcr41,81
th3eefo4rt2o2co1ejzkcrdrtxdrxhvlgcdtv,31
9o1epkmei8ht,98
se7ent2o17se7en,77
5n9nefo4r,54
1ndchqqgpvfi5e7cmfrhppqpqjvhkqxlcsxxqpkf,17
n764ei8htlz,78
nzghqdrtn2th3eeei8hto1e,21
7fo4r1bbshfmtptjmkv,71
3fo4rt2odklbpbd7mbrdmf,37
qhcjqtt2o2n9negbjqhjpjvmbndnnj2mdnzgm9,29
o1ese7en4knps6xt2o,12
fi5esxmsdlj8o1eo1e,51
3se7enfghsxnzgkd,37
4fo4r1th3eelhnxmldvgzmtdcrdrtmphqxfi5ezchzqzpdv,45
9849th3eexlxrbvp,93
1n9nen9ne2fi5ecsbtslnjfb,15
7s6xkrzrt3,73
fo4r7s6xpspzcmzrhrgk,46
nhlkt5fi5eth3ee58,58
se7endjsfjzhpcs7,77
35vgsndjpcpfo4rmzzbbo1ejfvdtb,31
jqvxrhrljclhmtlfjr4n9ne4,44
zctcbf5t2ose7enhzt,57
2s6x886n9ne2fo4r,24
1vmlhei8htgn8cbdqfznl,18
s6xfi5exmbgfo4rth3eeo1e3fo4rt2o,62
s6xse7en3bxdncvhpdse7ensqbmzth3eese7en,67
fo4r5s6xei8ht6,46
9n9ne29gcgklf,99
fi5e833th3ee59se7en,57
th3eese7en2,32
bvd9129,99
sdqppvccmjqbssmt75,75
fo4ro1eth3eenpei8ht22o1et2o,42
kccn9nebknx7fi5efi5exqjnbzv4,94
5n9neei8ht92fi5e93o1e,51
pshnzvftrfxffo4rth3eeei8hthvjs39,49
se7en5ttbjssdkkrsrcbdxxs325t2okczrjcgt,72
gct2o1ejjxqbsbrsfnbcrsjqbcjrrlghnkktfi5efi5e9,29
6qfhdvbtp98fo4rn9neb,69
987s6x,96
ei8htse7en2th3ee6zqgqxlei8ht2ogzq,82
hmr7ei8ht1ei8htt2o,72
hdktsjqcvt295hlbvrrnb6o1exmkzvkz,21
85rlgjtbmhjcs6xse7enttrtxrdclth3eeth3ee,83
mcnlcxkgllhcdrmnl9nhpmftbcmsrbpmlhlzmq1,91
37qxphtdpxhx,37
pgbltvo1evfgfxkx2o1e,11
7o1eo1e5s6x8cb,78
s6xzfchfo4r5518cschjsgddcmrnmm,68
rkqfltmhpzgvpdmvlnscxq97fzr,97
735se7enei8htctjlsvrstr,78
ztqpprtg9t2oei8ht,98
se7en1fi5eldzgspfrrnfi5e,75
dnx6,66
grvzjmd43t2o1el,41
38ngdgfjszmqqh,38
xbtqse7en3zzjghbt34se7envslhs,77
th3eemqbjn9ne6tpvgsztsph8,38
691se7enth3eeo1e,61
sqjgztldvlvgt5ei8htfo4r,54
n9neth3ee9ljdjqpbbpt2o,92
m4,44
th3ee9ei8htt2ot2o7,37
xxvqmcqjpkvtzhxv6,66
ei8ht9czs9ztq95se7enpgtfczx,87
3ei8ht6fo4r,34
t2ot2o8o1es6x2,22
s6xbxqnklei8ht57s6xse7en7,67
fpdsssgnlrt2oth3ee4,24
fsbvfc6,66
j1xdzttjb8kthscffsv3ptjps,13
2fbkckqfkfbbvzxfo4r,24
kse7enfi5es6xbhmknq8sjkpvvlo1e,71
zqxt2o1eqkpglrfvdo1e8s6x,26
fi5e521rskfhpg,51
se7en8ei8ht,78
nsztxcjei8htplmcdkhbnxfclbqqq55vqxqv7,87
fi5evrvsnzjfzj5k279xnzmphjfql,59
vslc4,44
czd6dngcnssxfjrqxgjkskto1evrljgzbsrgg,61
ei8htdszsdrhpgno1emprjgj1n9ne8t,88
33sdtjo1e,31
th3ee1thrd,31
se7ens6xth3ee5,75
665fjlgq,65
3tzhjqhgkngqqkpmjjbqfqgo1efo4rbhhcgxfrn9ne7,37
nlsdv17hxkrds8dqcmrl19,19
pfi5eo1en9ne8n9ne8,58
5se7enfi5epxnsdbjdsd8rpphlbz,58
6kmngdjzfd,66
8shrxvfpxzrpsjtgfo4r4se7en13,83
hjz8jcfi5e,85
8th3eefi5eo1es8fi5ejptrmdtlrh,85
sspgrpbjkmbrmcbjmrhsdldo1e7,17
scfjsei8ht5se7enmxdrcjxjfk5dlqbxggpzfo4rfo4r,84
se7en6nhpvxbkpxnjei8httjhxsvxcqdse7en,77
xvnxnthq4fi5e,45
fi5e6235se7en5,55
hngbhb2d228,28
23mfvtm1sczpzfo4rse7engsttvtvk,27
6ei8ht82,62
93s6xnqkgtvn9ne,99
fi5ejt8,58
dthgrkmvqgjlxqs6xs6x6r,66
ei8ht51,81
pdbmdccvjh3o1eth3eet2o,32
cdtmdei8hto1es6xth3ee43,83
5t2ot2ose7endtsngkmdrp,57
pgqzmr3fo4r3o1e779fo4r,34
qv3,33
lpcklg25t2oqqxjnzzgpfo4r,24
fndfr6s6xse7enei8ht8ngv,68
9qbnjnznrht2omknbrknqqzfi5ese7en,97
o1efi5et2o5vcvkdpco1e47t2o,12
th3ee1se7en58n9negsnqhjms6x,36
fi5e1fo4r8xvdsglzt2oqvz,52
n9nefo4ro1e3bzkzrsgkvh9,99
7ei8ht3pktfi5en9ne,79
fi5efo4r2fo4r,54
o1efi5e52sttrssbfo4r,14
dqth3eefldqxhbbf6vrzgvcmjbs6x2qfmjdhk,32
9se7enei8htlt2o59rnqh,99
13t2ot2o1ec,11
t2oei8htfi5e4krnsmqdqmxblnlmdo1e,21
se7en28fo4rei8hto1edvplrrz8n9ne,79
ei8ht3hsjcntf2zjkdnxkd,82
fb42bkgxbxmjg1,41
7mdp9,79
cnt2o15,25
51jzqjvfbqq,51
bnzmrjhvgs6xei8htql5xvj,65
5fo4r6987t2o,52
4rnhhlq86dl87pei8ht2ogv,42
8th3een9ne,89
9rbfcrcqjmvpqrjjntjmtsrgso1eth3eezhggkc,93
6xst2ozrxo1eei8ht,68
o1ehvxsxzs5,15
222,22
4ldl518gqkmghkkgqth3eepnjj1,41
n9ne1qmxv,91
n9netmcjmzjrfi5e6ei8htth3ee,93
5ssm6s6x9th3eemkmsxrgbkjmhhk,53
th3eeei8htjgjrgq45,35
15jvkvbckg82chx,12
4jlkszzrk,44
51phvpfdtmncdse7en8xzgfzqznzmfo4r,54
t2o15se7ense7ense7enngfvkktzpq,27
nflkhvjddn9ne15ssbmn,95
vspsrcnm5th3ee9se7en,57
cktcm9,99
3qbtxxt9th3eefjkbnsvk,33
o1e1th3ee,13
fo4rnjdvtchpkdfi5el5lzn9ne,49
o1e9s6xth3eeth3eeo1efi5e,15
o1eei8htfo4rfzntntfi5ehnfvrrprgptkxs2,12
s6xclpnhlbsqm4,64
se7en5o1eei8htfo4rei8ht,78
7t2ofi5emhhqn32se7enfddmcpbzpngclszh,77
869ksktvei8htth3ee,83
ei8htt2o6472fo4r1s6x,86
5fi5elkmcmgvvkxo1elclmvjnphvc5b,55
brrzlhpbpfi5efo4rrfmbtjrdltsgm8fi5eth3ee,53
fo4r79,49
s6x28fo4r3,63
2bsgzdjlllxfo4rns6xrtbpvkm4,24
gbdqj342cqx,32
69ztzmzsfi5e48gtxqnjsvqr6,66
3se7en8mdbse7enn9ne,39
s6xx1fi5e,65
2bbjt,22
tfs9mse7env61,91
8fo4r25o1egpbrhsmvx7th3eeo1e,81
8se7enhmddktxbxvdnqtlrbse7en,87
5o1eth3ee3,53
rhlrbskei8htzdfprx1,81
th3eebvjcbssmvk2rpszhvvpzlrmcth3ee,33
5hffqfn2,52
tbgjrhjshhkcl4kdznkqzo1efo4r,44
se7en6se7enei8htth3ee85,75
s6x1th3eebvflqkctflth3ee,63
ei8htxpvxvn2cv,82
945th3een9neqjfi5e,95
nc7,77
9o1ekptdkglrnlo1ei8htfr,98
5th3ee6se7enhzxtfnkrv2,52
813se7enth3ee,83
8sqmnkqrq4kbs6x,86
fi5e17flrtthzttdhdcnbbzdhhfo4rtgpbhei8ht,58
nncrjqcsmjls6x2th3eeei8htjlgznzlqg1,61
th3ee1s6x9t2o,32
9t2ofqnnhfkkqbdskzpgvp,92
65mcknzkjn9ne55se7en74,64
pkd4ptgznrjdk,44
sqjsp1rdxj,11
1rs2,12
zzsxzczsxpkrsnnm869,89
fi5erxjfqdspmglfldbbfsrqfx487,57
tfi5e7krmfjptnrcjxfmpfzz6frtknvcvfi5e,55
85se7ent2oo1e9,89
rmfi5etkjmsvt6,56
nt2o1exn9nednftfzjxxjzpz5ei8htzvhkqf3,23
3799s6xs6xei8ht35,35
zltzhvnr5ksth3ee5,55
cpbei8htr5th3ee,83
fo4r24s6xzbxggddfcr7n9ne,49
5o1eo1evdzjmfcchxo1eei8htp81,51
fo4r8ljlssqjffn9nefo4rnffnzgcjczpj1,41
6tvbdrk4,64
rxsbbq59,59
13fo4r4zvkztttjcrfo4rgv,14
9hntfbse7encqzsbbxkdgxfxzt2o,92
t2o99o1e3518s6x,26
lzxpgtzflhkdf5,55
vmmdpzfo4rcxcctv9jjzrhttjmg2bvhhqxxsmz4,44
6kr9cbdflmngqt6,66
n9netldzdnqvrn9nerphskmntfrpg2,92
2n9ne3hr91th3eevpbf,23
8th3ee8ei8ht,88
tcqfi5elklqtqt2ofi5e7,57
qnzrtbzcb2s6xei8htxrzsse7ent2ofo4r,24
t5o1e4t2o1tbsqkfo4r,54
se7en7th3eese7eno1ekcmzv,71
3812,32
t2ot2oo1eth3eeth3ee8,28
34292,32
3ei8htnldtmmmmknkzs2fi5eg,35
fi5e144fo4r1fo4rdzlpvxttvbxb,54
hmkz5se7enn9ne,59
o1e77n9net2ose7enth3eedqljsvj5o1ei8htv,18
rnnkdtfgtctqei8ht53se7ense7ent2o,82
qxfkvfbktgp34fthtsvho1e,31
1vxkbzhss6xei8ht8ljmhrztjbn9neei8ht,18
5fo4rm1,51
ei8htxk4vkmqqkfxo1et2olqngzj6o1e,81
3fi5e2,32
se7endnrkfhjdpz43o1e52ei8htnhljq,78
812781rbl68,88
n9ne9t2o7xkjdlrrpgxbcfmpfmzse7enkkzxnxbfo4r,94
lsgxrbpgnh7,77
pmnkgrgnznsvjxcfn3816s6x6,36
1se7engfncznxvsckxnmnmsckgs,17
jbmmvjgkt28,28
fgpqzqvfsxddlk7cs6xei8ht,78
64s6x6vfgxth3ee5mdjsn3,63
cbjpqhnrfi5efo4rfxxbctjkhko1ebpqlzbdn73,53
5rxdqse7enth3eefi5esghndzjtksnxd,55
3t2orxcbnqlhv,32
ei8hts6x67,87
5pfzht,55
fo4rkv4,44
fi5e1fo4r4s6xt2o,52
fo4r1svhqsgznb6spknchrhftchpk,46
n9net2o8se7enth3ee,93
9th3eenbnzclccnmfrv,93
3vhlnrbbdhko1e,31
98th3ee4jksqb3hpgse7en,97
fo4r1lpspjrqtmxo1efi5e5fo4r8,48
qnnfzgbgs6xth3ee2,62
752se7en,77
1msxrzzzxnn9nefo4r6,16
o1et2oo1eo1ef33,13
fo4rcdo1e253ei8htth3ee,43
1ei8htei8htqqpd,18
5fo4r54fo4rjvsf,54
kgkggx9fi5es6xfdpcmdddskrtdqjmmcfi5evkjspb,95
se7enjll3cdktmvdk,73
7t2o6s6xkmrmxrhlqtmffbgr9,79
8kqzkcb,88
grsksnfr6s6xfo4rpei8ht,68
7se7ens6xs6xsvse7en8qtdppfg,78
lgqb3tlei8ht,38
98lsse7en,97
sfbzrtjfi5efo4rsm4,54
ei8htei8htth3eelncqspmzd5gmpdtrsjkjzlklt,85
o1eo1ese7en2n,12
qqzfvbfo4ro1e9,49
o1ebhtglzjsmhncmkfln1xj7,17
pho1enjjmdzkbzft2orjvcvn1ei8ht2ox,12
t2oei8htfcrnmvvbrd93th3eetkhklbcxdptfq,23
fo4r7fi5e9nd31,41
th3ee1frglrrm435dsqbxxtrj7,37
t2oth3ee78fpghbvq7jfsjsqnd,27
hvmbmqnxk4o1es6x29kdhrdqtcfx1znmjhfjx,41
3t2oei8htei8htfi5epztpjsbcrfo4r,34
16stctmrmj3th3een9nepdsxb,19
se7en7nhrtgnltntgfzb,77
o1e1o1ermlse7ense7en,17
17fkg,17
53ldplzx,53